<?xml version="1.0" encoding="UTF-8"?>
<beans xmlns = "http://www.springframework.org/schema/beans"
	   xmlns:xsi="http://www.w3.org/2001/XMLSchema-instance"
	   xmlns:p = "http://www.springframework.org/schema/p"
	   xsi:schemaLocation="http://www.springframework.org/schema/beans  
	   					   http://www.springframework.org/schema/beans/spring-beans-3.0.xsd" >
	 
	 
	 <bean id = "maxcheck1" class = "com.yash.Que7.ClassA">
	 	<property name="a">
	 		<array value-type = "int">
	 			<value>45</value>
	 			<value>90</value>
	 			<value>55</value>
	 			<value>70</value>
	 			<value>99</value>
	 		</array>
	 	</property>
	 </bean>
	 
	 <bean id = "maxcheck2" class = "com.yash.Que7.ClassB">
	 	<property name="b">
	 		<array value-type = "int">
	 			<value>23</value>
	 			<value>90</value>
	 			<value>48</value>
	 			<value>09</value>
	 			<value>67</value>
	 		</array>
	 	</property>
	 </bean>
</beans>