<?xml version="1.0" encoding="UTF-8"?>
<beans xmlns = "http://www.springframework.org/schema/beans"
	   xmlns:xsi="http://www.w3.org/2001/XMLSchema-instance"
	   xmlns:p = "http://www.springframework.org/schema/p"
	   xsi:schemaLocation="http://www.springframework.org/schema/beans  
	   					   http://www.springframework.org/schema/beans/spring-beans-3.0.xsd" >
	  					  
	 
	  <bean id = "avg" class = "com.yash.Que2.Average">
		  <property name="n1" value = "50"></property>
		  <property name="n2" value = "50"></property>
		  <property name="n3" value = "50"></property>
		  <property name="n4" value = "50"></property>
		  <property name="n5" value = "50"></property>
	  </bean>
	  
</beans>