<?xml version="1.0" encoding="UTF-8"?>

<beans xmlns = "http://www.springframework.org/schema/beans"
       xmlns:xsi = "http://www.w3.org/2001/XMLSchema-instance"
       xsi:schemaLocation = "http://www.springframework.org/schema/beans
						     http://www.springframework.org/schema/beans/spring-beans-3.0.xsd">

   <bean id = "checkStud" class = "com.yash.Que10.StudMarks">
	    <property name="maps">
		     <map> 
				 <entry key = "Prabhat" value = "187" />
				 <entry key = "Shree" value = "270" /> 
				 <entry key = "Rushi" value = "160" />
				 <entry key = "Nitin" value = "295" />
			</map> 
	   </property>
   </bean>

</beans>