<?xml version="1.0" encoding="UTF-8"?>
<beans xmlns="http://www.springframework.org/schema/beans"
	xmlns:xsi="http://www.w3.org/2001/XMLSchema-instance"
	xmlns:context="http://www.springframework.org/schema/context"
	xmlns:p="http://www.springframework.org/schema/p"
	xsi:schemaLocation="http://www.springframework.org/schema/beans
                        http://www.springframework.org/schema/beans/spring-beans-3.0.xsd
                        http://www.springframework.org/schema/context
                        http://www.springframework.org/schema/context/spring-context-3.0.xsd">
	
	
	<bean id="dept" class="com.yash.Que4.Department">
        <property name="dID" value="1"></property>
        <property name="dName" value="Associates"></property>  
    </bean>
    
	 <bean id="emp1" class="com.yash.Que4.Employee" autowire="byName">
        <property name="eID" value="1"></property>
        <property name="eName" value="Shri Raj"></property>
        <property name="eSalary" value="40000.00"></property>
    </bean>
 
	<bean id="dept2" class="com.yash.Que4.Department" >
        <property name="dID" value="2"></property>
        <property name="dName" value="developer"></property>  
    </bean>
    
	 <bean id="emp2" class="com.yash.Que4.Employee" autowire="byName">
        <property name="eID" value="2"></property>
        <property name="eName" value="Mauli Khavle"></property>
        <property name="eSalary" value="30000.00"></property>
        <property name="dept" ref="dept2"></property>
      <!--   <constructor-arg><ref bean = "dept2"/></constructor-arg>-->
    </bean>
		
	</beans>