<?xml version="1.0" encoding="UTF-8"?>
<beans xmlns = "http://www.springframework.org/schema/beans"
	   xmlns:xsi="http://www.w3.org/2001/XMLSchema-instance"
	   xmlns:p = "http://www.springframework.org/schema/p"
	   xsi:schemaLocation="http://www.springframework.org/schema/beans  
	   					   http://www.springframework.org/schema/beans/spring-beans-3.0.xsd" >
	  					  
	 
	  <bean id = "emi" class = "com.yash.Que3.EMI">
		<!-- 
			<property name="principal" value = "10000"></property>
			<property name="rate" value = "3"></property>
			<property name="time_year" value = "1"></property>
		-->  
	  </bean>
	  
</beans>