<?xml version="1.0" encoding="UTF-8"?>
<beans xmlns="http://www.springframework.org/schema/beans"
	xmlns:xsi="http://www.w3.org/2001/XMLSchema-instance"
	xmlns:context="http://www.springframework.org/schema/context"
	xmlns:p="http://www.springframework.org/schema/p"
	xsi:schemaLocation="http://www.springframework.org/schema/beans
http://www.springframework.org/schema/beans/spring-beans-3.0.xsd
http://www.springframework.org/schema/context
http://www.springframework.org/schema/context/spring-context-3.0.xsd">

	<bean id="item" class="com.yash.Que8.Item">
		<property name="item">
			<list>
				
				<value>Pen</value>
				<value>T.V</value>
				<value>T.V</value>
				<value>Mouse</value>
			</list>
		</property>
	</bean>
	
</beans>