<?xml version="1.0" encoding="UTF-8"?>

<beans xmlns="http://www.springframework.org/schema/beans"
    xmlns:xsi="http://www.w3.org/2001/XMLSchema-instance"
    xmlns:context="http://www.springframework.org/schema/context"
    xsi:schemaLocation="http://www.springframework.org/schema/beans
						http://www.springframework.org/schema/beans/spring-beans-3.0.xsd
						http://www.springframework.org/schema/context
						http://www.springframework.org/schema/context/spring-context-3.0.xsd">
<!-- 
 <context:component-scan base-package="com.yash.Question9"> </context:component-scan>
-->

   <bean id="pune-parbhani" class="com.yash.Que9.Distance">
      <property name = "distance" value = "350Km"></property>
   </bean>

   <bean id="pune-satara" class="com.yash.Que9.Distance">
      <property name = "distance" value = "275km"></property>
   </bean>

   <bean id="pune-indore" class="com.yash.Que9.Distance">
      <property name = "distance" value = "445km"></property>
   </bean>

</beans>